{
  "python": {
    "svm": [
      {
        "timestamp": 1766319726.7614625,
        "model": "svm",
        "requests_total": 200,
        "attacks_detected": 15,
        "latency_ms": {
          "mean": 17.232334814934802,
          "p50": 16.01753849990928,
          "p90": 23.30339230102254,
          "p99": 34.06647300107579,
          "max": 35.59200300151133
        },
        "errors": 0
      }
    ],
    "mlp": [
      {
        "timestamp": 1766319726.7643232,
        "model": "mlp",
        "requests_total": 200,
        "attacks_detected": 0,
        "latency_ms": {
          "mean": 15.839763565054454,
          "p50": 15.112902500732162,
          "p90": 19.235848000425904,
          "p99": 31.060673279989704,
          "max": 61.250229000506806
        },
        "errors": 0
      }
    ],
    "xgb": [
      {
        "timestamp": 1766319726.7669702,
        "model": "xgb",
        "requests_total": 200,
        "attacks_detected": 200,
        "latency_ms": {
          "mean": 17.786863795045065,
          "p50": 17.719116500302334,
          "p90": 23.39919199948781,
          "p99": 26.882030678953,
          "max": 28.550794999318896
        },
        "errors": 0
      }
    ],
    "lgbm": [
      {
        "timestamp": 1766319726.7692797,
        "model": "lgbm",
        "requests_total": 200,
        "attacks_detected": 200,
        "latency_ms": {
          "mean": 19.2296601900307,
          "p50": 18.415935499433544,
          "p90": 26.17312009933812,
          "p99": 34.13771666855609,
          "max": 44.89364800065232
        },
        "errors": 0
      }
    ],
    "rf": [
      {
        "timestamp": 1766319726.725306,
        "model": "rf",
        "requests_total": 200,
        "attacks_detected": 186,
        "latency_ms": {
          "mean": 91.94266343503841,
          "p50": 91.95195450047322,
          "p90": 113.23497079974914,
          "p99": 157.69082067039554,
          "max": 182.52416200084554
        },
        "errors": 0
      }
    ]
  },
  "cpp": {
    "rf": [
      {
        "timestamp": 1766327664.201484,
        "model": "rf",
        "requests_total": 93,
        "attacks_detected": 93,
        "errors": 107,
        "latency_ms": {
          "mean": 1.6027922365635756,
          "p50": 1.2946000001647917,
          "p90": 2.602791599974807,
          "p99": 4.146026320031524,
          "max": 4.25196799983496
        }
      }
    ],
    "svm": [
      {
        "timestamp": 1766327664.2077389,
        "model": "svm",
        "requests_total": 21,
        "attacks_detected": 0,
        "errors": 179,
        "latency_ms": {
          "mean": 2.5071978095205676,
          "p50": 2.516812000067148,
          "p90": 3.634914000031131,
          "p99": 4.202048799970726,
          "max": 4.31303499999558
        }
      }
    ],
    "mlp": [
      {
        "timestamp": 1766327664.2080727,
        "model": "mlp",
        "requests_total": 49,
        "attacks_detected": 2,
        "errors": 151,
        "latency_ms": {
          "mean": 1.863416857141991,
          "p50": 1.3942670000233193,
          "p90": 3.2180530000914596,
          "p99": 3.9950766800120605,
          "max": 4.135937000000922
        }
      }
    ]
  }
}