{
 "b": 514.0053100585938,
 "w": [
  4179395.0,
  -17539744.0,
  35310.80859375,
  9631.25,
  71774024.0,
  29340.47265625,
  -16962498.0,
  -23103.150390625,
  202.4770050048828,
  765.6795654296875,
  -4989.2275390625,
  2104357.0,
  609.3724975585938,
  874.7526245117188,
  451365.53125,
  452719.0,
  46095.171875,
  89125.7890625,
  -7070445568.0,
  -21623914.0,
  36275648.0,
  24293.490234375,
  -8402016.0,
  -9192.5751953125,
  5735686.0,
  -9118460.0,
  -36385.53515625,
  -1324.2684326171875,
  5596.927734375,
  -740.9151611328125,
  36995.48828125,
  164530.609375,
  4030828.5,
  10694868.0,
  -5716773.0,
  60130.39453125,
  1211444.0,
  -25362.6484375,
  0.0
 ]
}