{
 "features": [
  0,
  28,
  14,
  38,
  20
 ],
 "leaves": [
  0,
  1,
  0,
  1,
  0
 ],
 "thresholds": [
  0.524587094783783,
  0.26330554485321045,
  0.19628582894802094,
  0.5123181343078613,
  0.2571016252040863
 ]
}