{
 "b": 10.075441360473633,
 "w": [
  -767.5548095703125,
  -515.2362670898438,
  -0.22864332795143127,
  0.011914345435798168,
  7718.458984375,
  4.814624309539795,
  -1255.370361328125,
  -0.7141973972320557,
  -0.36054515838623047,
  -0.3605354428291321,
  -0.4029712677001953,
  5130.880859375,
  0.02495799958705902,
  0.08113899827003479,
  3.427241802215576,
  3.4091761112213135,
  -17.355255126953125,
  -1.4316082000732422,
  4996.30078125,
  -1257.6527099609375,
  3882.325927734375,
  2.819401502609253,
  -631.2542724609375,
  -0.570940375328064,
  408516.375,
  -461380.75,
  -0.5141708254814148,
  -0.10325486958026886,
  0.435312956571579,
  -0.031313590705394745,
  4.2624592781066895,
  -271.67486572265625,
  -244.1474151611328,
  -301.73016357421875,
  -243.3374481201172,
  0.1331346333026886,
  94.95740509033203,
  -0.5446189045906067,
  0.0
 ]
}